gold_diff,kill_diff,my_team_tower_fb,my_team_drake_fb,my_team_herald_fb,my_team_win
-1952,-3,1,0,1,False
855,3,1,0,0,False
3360,4,0,1,1,True
-1867,-5,0,0,0,False
-13,0,0,0,0,True
-657,2,1,1,0,True
5074,11,0,1,1,True
833,2,0,1,0,True
-2762,-8,1,0,0,False
2608,7,0,1,0,True
319,-1,0,1,0,True
-715,-2,1,1,1,True
-6069,-11,1,0,0,False
-1665,-7,1,0,0,False
3543,6,0,1,0,True
684,1,1,0,0,False
-143,0,0,0,0,True
557,-1,0,1,0,True
-3098,-3,1,1,0,False
2711,3,0,1,1,True
3991,9,0,0,1,True
2657,5,0,0,0,True
564,-1,1,1,0,True
-119,0,1,0,0,True
516,1,0,1,0,True
276,3,0,1,1,True
1500,0,0,0,1,True
1617,6,1,1,0,True
-133,3,0,1,1,False
-1048,0,0,0,0,False
-1685,-4,1,1,0,False
2838,2,0,1,1,True
-1058,-1,1,1,0,True
1406,1,0,1,0,True
2915,10,0,1,1,False
2645,4,0,1,1,True
-519,-1,1,0,0,False
1356,4,1,1,0,True
-63,1,1,0,0,False
-3001,-5,1,1,1,True
1923,3,0,0,1,True
-2073,-2,1,0,0,False
-3270,-4,1,0,0,False
294,1,0,1,1,True
2230,8,1,0,0,False
-538,-2,1,1,0,True
659,0,1,0,0,False
-1721,-3,1,0,1,True
-275,-2,1,0,0,False
1201,3,0,1,1,True
-4155,-5,1,0,1,False
-1109,-4,0,1,0,True
-1912,-3,1,1,0,False
2145,5,0,0,1,False
-2860,-5,1,0,0,False
-1347,0,1,1,0,False
-177,0,0,1,1,True
-500,0,1,1,0,False
453,3,1,0,0,False
55,1,0,1,0,True
-709,-3,0,1,0,True
1112,1,0,1,1,True
345,3,1,0,0,False
3486,9,0,0,0,True
1036,1,0,1,1,True
4011,6,0,1,1,True
1910,3,0,1,1,True
-2405,-4,1,0,0,False
-2574,-7,0,0,0,True
4392,10,0,0,1,True
2912,2,0,1,0,True
2577,7,0,1,0,True
2301,3,0,0,0,True
734,2,0,0,0,True
1002,1,1,1,1,False
-1762,-5,1,1,0,False
2442,7,1,1,0,True
-3007,-5,1,0,0,True
-3290,-5,1,0,0,False
1407,6,0,0,1,False
-825,-2,1,1,0,False
1765,5,0,1,1,True
1428,4,0,1,1,True
-184,0,1,0,0,False
24,1,1,1,0,False
-83,1,0,0,0,False
1904,5,0,1,1,True
-2851,-7,1,0,0,False
1027,2,0,1,1,True
2196,6,0,1,1,True
2417,6,0,1,0,True
-3739,-5,1,1,0,False
-1789,-4,1,0,0,False
2768,2,0,1,1,True
3068,8,0,0,1,True
1672,3,1,1,0,True
-323,2,0,0,1,True
-404,0,1,1,0,False
1976,3,0,1,1,True
-315,-4,0,0,0,True
651,-2,1,1,0,True
2924,5,0,1,1,True
-1374,-5,1,0,1,False
1792,5,0,1,1,True
-268,-1,0,1,0,False
1653,4,0,1,1,True
613,2,1,1,1,True
-27,1,1,1,0,True
2001,5,1,0,0,True
779,1,0,1,1,True
3333,5,0,0,1,True
-3485,-8,0,1,1,False
-4860,-7,1,0,0,False
1752,4,1,0,0,False
83,-1,0,0,1,True
2747,2,0,1,0,True
4846,8,0,1,1,True
-929,-3,1,1,0,False
-678,0,0,0,1,False
-3010,-5,0,0,0,False
451,4,0,0,1,False
1747,4,0,1,1,True
4608,7,0,1,1,True
-275,-2,0,1,0,False
-489,-2,0,1,0,True
3462,5,1,1,0,True
-520,1,0,1,1,False
164,-2,1,0,1,False
2153,5,0,1,1,True
3270,6,0,1,0,True
-819,-1,1,0,0,True
-3475,-6,1,0,0,False
-4192,-9,1,0,0,True
-270,-1,1,1,1,True
-2191,-3,1,1,1,False
-1151,-2,1,0,1,True
657,0,0,0,0,False
-228,-2,1,1,0,False
-786,-3,0,0,1,False
-2185,-4,1,0,0,False
2071,3,0,1,1,True
-1292,-1,0,1,0,False
2029,2,0,1,1,True
-1015,-1,0,0,0,False
-641,-4,0,0,0,False
5082,8,0,1,0,True
3964,5,0,0,1,True
-2175,-7,0,1,0,True
-2033,-6,1,0,0,False
5536,8,0,1,0,True
-2822,-5,1,0,0,False
3213,8,0,1,0,True
-44,-3,0,0,1,True
1532,5,0,1,0,True
-641,0,1,0,0,True
4852,8,0,1,1,True
850,2,0,0,0,False
-530,0,1,1,0,True
-1093,-5,1,0,0,False
4,-3,0,0,0,True
-3245,-6,1,0,0,False
1383,5,0,0,1,True
533,-1,0,1,1,True
-3208,-7,1,0,0,False
1578,3,0,1,1,True
2380,5,0,1,1,True
-2685,-6,1,0,0,False
-755,-1,1,1,1,True
243,-1,1,0,1,False
362,1,1,1,1,True
-1529,-5,0,0,1,False
1638,3,0,1,1,False
513,2,0,1,1,True
-910,-2,0,0,1,False
2502,4,0,1,1,True
-1635,0,1,0,1,True
250,-2,0,1,1,True
907,2,1,1,1,True
-745,-2,0,1,0,False
-368,0,1,0,1,True
3116,2,0,0,1,True
-1770,-5,0,0,1,False
1603,3,1,0,1,True
-680,-2,0,0,0,False
-626,-2,0,1,0,True
1497,2,0,1,1,True
-623,-3,1,0,1,True
1265,2,0,1,1,True
-1419,-1,1,0,0,True
-241,-1,1,1,0,True
887,2,0,0,1,True
2604,2,0,1,0,True
2404,5,1,0,0,False
1356,4,0,0,1,True
-1375,-4,0,1,1,True
-3950,-5,1,0,0,False
-965,-1,1,0,0,False
-1002,-2,0,0,0,True
1068,1,1,1,0,True
850,2,0,1,1,True
1480,5,0,1,1,True
-369,-3,0,1,0,False
-2621,-6,1,0,0,False
728,4,1,1,0,False
634,1,0,1,1,True
887,0,0,0,0,True
-1861,-4,1,1,1,True
-376,0,1,1,0,False
779,0,0,1,0,True
3835,10,0,1,1,True
3726,6,0,1,0,True
330,-1,1,0,0,True
-1345,-1,1,0,0,False
1224,4,0,1,1,True
784,0,1,0,0,False
1573,2,0,1,1,False
879,2,0,0,1,False
2653,8,0,1,1,True
-1445,-4,1,0,1,True
679,1,0,1,0,True
-753,-1,0,1,0,False
-2023,-6,0,1,1,True
1985,6,0,0,0,True
1890,3,1,1,1,True
58,2,1,0,0,True
1050,2,1,0,0,True
2221,6,1,1,1,True
533,3,1,0,1,False
276,1,1,0,0,False
2039,6,0,0,1,True
-169,-1,0,1,0,True
-344,1,1,1,0,True
-1302,-2,1,1,0,False
-3372,-6,1,0,0,False
-623,-1,0,0,0,False
2112,5,0,1,0,False
-1044,-4,0,1,0,False
-728,-2,0,0,0,True
1572,2,0,1,0,True
3663,9,0,0,1,False
5134,7,0,0,0,True
1515,4,0,1,0,True
764,2,1,0,0,True
66,-3,0,0,0,True
2673,5,0,1,1,True
2243,3,1,1,0,False
134,0,0,0,1,True
-1546,-6,1,1,0,False
2312,3,0,0,1,True
4523,6,0,1,1,True
-2342,-8,1,0,0,True
2626,4,1,0,0,False
-451,-4,0,1,1,True
3,2,0,1,0,False
4707,6,0,1,1,True
-583,-2,1,0,0,False
1169,0,0,1,1,False
-583,1,1,1,0,False
5295,8,0,0,1,True
7242,12,0,1,1,True
-1050,-3,1,1,0,False
858,0,0,1,1,True
2635,10,0,1,1,True
-4079,-5,1,0,0,False
3330,6,0,1,1,True
881,0,0,1,0,True
-1010,-1,1,1,0,False
995,-1,0,1,1,True
1626,1,0,1,1,True
2075,2,0,1,1,False
-190,-1,0,0,1,True
-1710,-5,0,0,1,True
-2700,-7,1,0,0,False
-1284,-2,1,1,1,True
782,4,0,0,0,True
857,4,1,1,0,False
-379,-2,1,1,0,True
-4535,-6,1,1,0,False
1640,0,0,1,1,True
5994,10,0,1,0,True
-767,-3,1,0,0,False
-2110,-2,0,1,0,True
2258,6,0,0,0,True
-2715,0,1,0,1,True
2395,5,1,1,1,True
2043,3,0,1,1,True
2277,7,0,1,1,True
349,0,1,1,1,True
336,2,0,0,0,True
5354,10,0,0,0,True
1336,4,0,0,1,True
-92,-1,1,0,1,True
2833,5,0,0,0,True
1944,5,0,1,1,False
-2640,-4,1,0,0,False
1181,3,0,0,1,True
1068,5,0,1,1,True
-18,0,0,1,0,True
1557,3,0,1,1,True
3880,9,0,1,1,True
2189,4,0,1,1,True
-1506,-2,0,0,0,True
-1619,-1,1,1,0,True
749,1,0,1,0,True
53,1,0,0,1,False
-1402,-3,1,1,1,True
-2400,-7,1,0,0,False
-16,-1,0,0,0,True
437,1,1,1,0,True
6828,9,0,1,1,True
4075,9,0,1,1,True
251,4,1,1,0,False
861,2,0,0,0,True
2286,2,0,1,1,True
-66,-2,0,1,1,True
1220,1,0,1,0,True
3829,4,0,0,0,True
-2321,-4,1,0,1,True
-215,1,1,0,0,False
3086,7,0,1,1,True
4223,8,0,1,0,True
2651,5,0,1,0,True
1868,0,0,1,1,True
-140,1,0,1,0,False
2201,4,0,1,1,True
-1968,-2,1,0,0,False
601,2,0,1,1,True
758,2,0,0,1,True
968,1,0,0,0,False
3298,6,0,1,1,True
-1236,-7,0,1,0,False
-1532,-2,1,0,0,False
-1442,-3,1,1,0,False
-3701,-6,1,0,0,False
233,-2,0,1,0,False
-2239,-5,1,0,0,False
792,2,1,0,0,False
1133,2,0,0,1,True
-1179,0,1,0,1,True
69,0,1,1,1,False
2131,6,0,1,1,True
354,0,0,0,0,False
-475,-3,1,0,1,False
-1865,-3,1,0,0,True
1891,6,0,1,1,False
-600,2,0,1,1,True
899,7,0,0,1,True
-3219,-8,0,0,0,False
1234,1,0,1,1,True
18,0,0,1,1,True
7102,12,0,1,1,True
2132,3,0,1,1,True
240,2,0,1,1,True
2352,6,0,0,1,True
-937,-1,1,1,0,False
-3409,-5,1,1,0,False
1792,5,0,1,1,True
3405,6,0,1,0,True
-597,-4,0,0,1,False
1410,1,0,1,1,True
1546,3,0,1,1,True
-3084,-4,1,0,0,False
-1150,-4,1,0,1,True
329,-1,0,0,0,True
378,2,0,1,0,True
-987,-2,1,1,0,True
-1134,-1,1,1,0,True
423,0,0,1,1,True
-998,0,0,0,1,True
-967,-3,1,0,1,False
647,-5,0,1,0,False
2705,1,0,1,1,True
-662,0,0,1,1,True
3038,6,0,0,1,True
-611,-1,1,0,0,True
-867,-2,0,1,0,False
1403,0,0,1,1,True
56,2,0,1,0,False
-2467,-6,1,0,1,False
-142,3,1,0,0,False
2942,6,0,1,0,True
2542,5,0,1,1,True
-636,-1,0,1,0,True
4021,8,0,1,1,True
1026,2,0,0,0,True
1843,6,0,0,1,True
-1202,-2,1,0,0,False
105,1,1,1,0,True
918,0,0,1,0,False
2845,7,0,0,1,True
-2622,-7,1,0,0,True
14,-1,0,0,1,True
2258,2,0,1,1,True
-1836,-7,1,0,1,True
843,2,0,0,0,True
781,2,1,1,0,True
-1375,-2,1,0,0,False
-583,-1,1,0,0,False
3492,7,0,1,1,True
1430,2,0,0,1,True
1015,0,0,1,1,True
249,1,0,1,1,True
59,0,0,1,0,True
-1446,-1,0,0,1,True
1084,3,1,1,0,False
226,0,1,1,0,False
875,5,0,1,1,False
561,-2,1,1,0,True
4179,4,0,1,1,True
3843,8,0,1,0,True
4353,8,0,1,0,True
-375,-5,1,0,0,False
1726,4,0,1,1,True
-2664,-7,1,1,1,True
3848,3,0,1,1,True
-386,1,0,0,1,True
254,1,0,0,1,False
1155,4,0,1,0,True
-3654,-9,1,1,0,False
-485,0,1,0,1,False
-1685,-3,1,1,0,True
-1784,-3,1,0,0,True
1728,2,0,1,1,True
-3538,-6,1,0,0,False
-125,-2,1,0,0,False
1603,4,0,1,1,True
2779,5,1,1,1,True
3616,6,0,1,0,True
1402,5,1,1,1,True
1907,5,1,1,1,False
-543,-4,0,0,0,True
701,0,0,1,1,True
-1080,3,1,0,0,True
-1947,-2,1,0,0,False
3122,6,0,1,0,True
-454,-2,0,1,1,True
1305,4,0,0,0,True
-1466,-5,1,0,0,False
-644,-3,0,0,0,False
-984,-2,1,0,1,False
35,-1,1,0,1,False
422,3,0,0,0,True
-2567,-6,1,0,0,True
-4467,-7,1,0,0,False
1813,3,0,0,0,False
3759,8,0,1,0,False
1361,3,0,1,0,True
4131,4,0,1,0,True
2980,9,0,1,1,True
-813,-1,1,1,0,False
-2391,-6,1,0,0,False
2238,6,0,1,0,True
2588,6,0,1,0,True
1853,5,1,1,0,True
-3204,-6,1,0,0,True
1567,6,0,0,1,True
-2668,-2,1,0,1,True
-531,-4,0,1,1,False
2090,4,0,1,1,True
-1210,0,1,0,0,False
884,0,0,0,0,False
1226,6,0,1,1,True
-356,-1,0,1,0,True
1195,0,0,1,0,True
238,-1,0,1,0,False
-241,2,1,0,1,True
2977,6,0,1,0,True
-3692,-5,1,0,0,False
1338,1,0,1,0,True
-3807,-9,1,0,0,False
940,2,0,0,1,True
-1662,-1,1,0,1,True
1006,1,1,1,0,False
2051,6,0,0,0,False
-146,-2,1,0,0,True
399,3,1,1,1,False
5123,13,0,1,1,True
2788,3,0,1,1,True
-525,-2,0,1,1,True
-2711,-7,1,0,0,False
1574,1,0,0,1,True
-1001,-3,1,0,0,False
-2868,-6,1,0,0,False
-1303,-2,1,1,0,False
1486,3,0,0,0,True
-4054,-9,1,1,0,True
-119,1,1,1,0,False
-1563,-3,0,0,0,False
2254,3,0,0,0,False
-920,-2,1,1,1,False
-168,2,0,0,0,False
677,1,0,0,1,True
465,0,0,1,1,True
-470,-1,0,0,0,True
1451,0,0,1,1,True
-1350,-4,0,0,0,True
458,3,1,0,0,False
536,3,0,1,1,True
-1395,-2,1,0,0,False
-1191,0,1,0,0,True
3397,6,0,1,1,True
-1367,-3,1,0,0,False
-77,1,1,1,1,True
584,0,0,0,1,True
1669,-1,1,1,1,True
-2252,-4,1,0,0,True
1416,4,1,1,0,False
538,2,1,1,0,True
1365,3,1,0,1,True
1111,3,0,1,1,True
3308,4,0,1,1,True
284,0,1,0,0,False
-2777,-7,1,1,0,False
3995,5,0,1,1,True
-111,-1,0,0,1,True
1775,3,0,1,0,False
2538,8,0,1,1,True
3416,6,0,1,0,True
1691,4,0,1,1,True
-1037,-3,0,1,1,True
2309,5,1,1,0,False
1616,0,0,0,1,True
-140,0,1,1,0,True
-1166,1,0,0,0,True
-800,-4,0,0,0,True
1859,3,0,1,1,True
733,-3,0,1,1,False
470,2,1,1,1,False
3614,8,0,1,1,True
1251,2,1,0,1,False
-3613,-5,1,0,0,False
-557,0,1,0,0,True
-2182,-5,1,0,0,False
-1038,-4,1,0,0,False
1381,1,0,0,0,True
1338,3,0,0,0,False
1588,3,0,0,1,True
2151,1,0,0,0,False
-4834,-11,1,0,0,False
-978,-5,1,1,0,False
1552,5,1,1,0,True
2477,6,0,0,1,True
4764,13,0,1,1,True
-74,1,0,1,0,True
1078,2,0,1,0,True
-3759,-6,1,0,0,False
-442,-1,0,0,0,True
3187,3,0,1,1,False
1415,3,1,0,0,True
4479,8,0,1,0,True
2161,2,0,0,1,True
-1078,-2,0,0,0,False
5661,8,0,1,0,True
-2383,-2,1,1,1,True
897,2,1,0,0,False
-608,0,0,0,1,True
1596,3,0,0,1,True
-1598,-2,1,0,1,True
1373,6,0,1,1,True
3948,5,0,1,0,True
1324,3,0,1,1,True
1938,6,0,1,1,False
-1524,-4,1,0,0,False
60,-1,0,1,1,True
-1670,-1,1,1,0,False
1475,7,0,0,1,True
5340,10,0,1,1,True
-1598,-4,1,0,1,True
-1710,-3,1,0,1,False
817,2,0,0,1,True
2065,4,0,0,1,True
178,-3,0,0,1,True
-871,0,1,1,0,True
108,-2,0,0,1,True
3245,8,0,0,1,True
347,2,1,0,1,True
-2218,-5,1,0,0,False
364,0,0,1,0,True
456,2,1,1,0,False
286,2,0,1,1,True
2310,5,0,1,1,True
-2378,-3,1,0,1,True
-2590,-6,1,1,0,False
2290,6,0,1,1,False
580,2,0,0,0,True
787,2,1,1,0,True
-665,-1,1,0,0,True
1258,2,0,0,0,False
1192,6,1,1,0,True
1082,0,0,1,1,True
2576,5,0,1,1,False
-406,-4,0,1,1,True
-1660,-3,1,1,0,False
837,3,1,0,0,True
2349,6,0,1,0,True
-1220,-2,1,0,0,False
-680,-1,1,1,1,False
1229,5,1,1,0,True
-4951,-12,1,1,0,False
-857,-2,1,1,0,False
1918,3,0,0,1,True
-1047,-4,1,0,1,True
-1478,-3,1,0,1,True
-1392,0,0,0,1,True
-79,-1,1,1,0,True
-3614,-6,1,0,0,False
2281,3,0,1,1,True
-1296,-2,1,0,0,False
-757,-3,0,0,0,False
1749,4,0,1,1,False
-1132,-4,0,0,1,True
-561,-4,1,0,1,False
2124,5,0,0,1,False
347,0,0,0,1,True
-2139,-3,0,0,0,False
-408,0,0,0,1,True
-1632,-2,1,1,0,True
1597,3,1,1,1,False
-1696,-1,1,0,0,False
1407,4,0,1,1,True
354,2,0,0,1,False
-1294,-5,1,0,0,False
2186,4,1,1,1,True
3506,11,0,1,1,True
-2281,-3,1,0,0,False
-899,-1,0,1,1,False
-53,1,0,0,0,True
-3016,-4,1,0,0,False
-2857,-4,1,0,0,True
754,0,0,1,1,True
2668,7,0,1,0,True
-604,-1,1,1,1,True
2240,5,1,0,0,False
3254,4,0,0,1,True
-2096,0,1,0,0,False
-2713,-4,1,0,0,False
483,0,0,0,0,True
2291,5,0,1,1,True
-2397,-2,1,0,0,False
3075,8,0,1,0,False
-45,-1,0,0,1,False
-1671,-4,1,1,1,False
-71,1,1,1,0,False
-800,0,1,1,0,True
-849,-3,1,0,0,True
2229,6,0,1,0,True
-462,0,0,1,0,True
2086,9,1,1,0,True
4174,5,0,1,1,True
1067,3,1,1,1,True
2077,5,0,0,0,True
-2442,-5,1,0,1,False
-2293,-5,1,0,0,False
3335,6,0,1,1,True
3900,8,0,1,1,True
1285,1,0,1,1,True
1997,4,0,0,1,True
-6068,-5,1,0,0,False
-3886,-11,1,0,0,False
-302,-4,0,1,1,True
1335,1,0,0,0,True
-2154,-6,1,1,0,True
1465,3,1,0,0,True
-3816,-7,1,0,0,False
2052,7,0,0,1,False
108,0,0,1,0,False
-1123,-1,1,1,0,True
-1450,-2,1,0,0,False
-257,-1,0,0,0,True
1159,5,0,1,1,True
-570,-4,1,0,0,False
187,0,1,0,1,True
-776,-4,0,0,1,False
-4180,-9,1,1,0,False
2036,6,1,1,1,False
1340,2,1,1,1,False
1788,2,0,1,1,True
30,0,0,0,1,True
1490,6,0,1,1,True
73,3,1,0,0,False
-1554,-2,0,1,1,True
-1740,-3,1,0,0,False
-1128,-3,0,1,0,True
2318,4,0,0,1,True
-30,3,1,0,0,True
-467,-4,1,0,0,True
-1250,2,1,0,0,False
-1383,-2,1,0,0,True
3215,8,0,1,1,True
-778,-1,1,0,1,False
450,-1,0,0,1,True
898,3,0,1,1,True
5709,11,0,1,0,True
-6822,-13,1,0,0,False
-314,1,0,0,0,False
-3975,-7,1,0,0,False
-148,0,1,0,0,False
3099,7,0,1,1,True
-3054,-3,1,0,0,False
3017,6,0,1,1,True
106,3,1,1,0,False
-87,-1,1,0,0,False
1870,3,0,0,1,True
-35,0,0,0,0,True
1347,4,0,1,1,False
1272,4,1,1,0,True
4628,11,0,0,1,True
1589,6,1,1,1,True
-1116,-1,1,0,0,False
-467,-1,0,1,0,False
-749,-3,0,0,0,True
-4972,-9,1,0,0,False
-2789,-6,0,0,1,True
857,-2,0,0,0,True
366,0,0,0,0,False
77,-1,1,1,0,True
-6117,-10,1,0,0,False
-810,-3,1,1,0,False
3326,4,0,1,1,True
-749,-1,1,1,0,True
3007,6,0,0,1,True
-518,2,0,0,1,True
163,2,1,0,0,False
136,0,1,0,1,True
-2407,-3,1,0,0,False
1648,2,0,1,1,True
5029,7,0,1,0,True
565,-1,0,1,1,True
275,1,0,1,0,True
1390,2,1,0,0,False
812,1,0,1,1,True
714,-1,0,1,1,False
-174,1,0,1,1,True
-2825,-7,1,0,0,False
-2225,-3,1,0,0,False
517,0,1,0,0,True
2075,6,0,1,1,True
732,2,0,1,1,True
-4368,-9,1,0,0,False
-2593,-3,1,0,0,False
-1924,-3,1,1,0,True
1217,6,1,0,0,False
1611,5,0,1,1,True
710,4,0,1,1,True
408,-2,0,0,1,True
86,0,1,0,0,False
551,0,0,0,1,True
2762,7,0,1,1,True
3775,6,0,1,1,True
-480,1,0,1,1,True
2351,5,0,1,1,True
3974,5,0,1,1,True
-1866,-4,0,1,0,False
1383,4,0,1,1,True
2484,3,0,1,1,True
64,1,1,1,1,True
4365,9,0,1,1,True
266,-1,0,0,0,False
792,0,0,0,0,False
813,1,0,1,1,True
2214,5,0,1,0,True
-1456,-4,1,0,1,True
273,0,1,0,0,True
-1182,-1,1,1,0,False
-1011,-1,0,0,0,True
246,2,1,1,0,True
-2292,-5,1,0,1,False
521,2,0,1,1,True
1231,2,0,0,1,True
-108,0,0,1,1,True
-1224,-1,0,1,0,False
69,1,1,0,0,True
2575,8,0,0,1,False
-615,1,0,0,0,True
-696,0,1,0,0,False
85,-1,1,0,1,True
-1298,-2,0,1,1,True
-2404,-5,0,0,0,False
-365,-2,1,0,0,False
108,1,0,0,0,True
-1494,-2,1,0,1,True
1758,2,0,0,1,True
-2499,-5,1,0,0,False
185,0,0,0,1,True
1866,2,0,1,1,True
-1414,-6,0,1,0,True
2745,5,0,1,1,True
943,1,1,1,1,False
1271,2,0,1,1,True
6516,11,0,1,0,True
-774,0,1,0,0,False
-553,-4,0,1,0,True
845,-1,0,0,1,False
911,2,1,0,0,False
-686,-1,1,1,0,False
-987,-4,1,1,1,False
2054,3,0,1,0,True
-2652,-2,1,0,1,True
2487,5,0,1,1,True
1159,0,0,0,1,True
1544,2,0,1,1,True
1876,1,0,1,0,False
1095,4,0,1,1,True
-2387,-6,1,1,0,True
-1615,-3,0,1,1,False
1411,3,0,0,0,True
-1602,0,1,0,1,True
373,2,0,0,1,True
-1401,-2,1,1,0,False
-795,0,0,1,1,True
-312,2,1,0,1,False
5491,6,0,1,1,True
574,1,0,1,0,True
-3793,-7,1,0,0,False
1132,5,1,1,0,True
2437,4,0,1,1,True
-85,2,1,1,1,False
643,4,1,1,0,True
271,-1,0,0,0,False
1364,0,0,1,1,False
-1714,-3,1,0,1,True
832,0,1,0,1,True
-452,-2,0,0,0,False
-472,-2,0,0,0,False
2940,5,0,1,1,False
869,5,1,0,0,True
108,2,1,0,0,False
3269,10,0,0,1,True
320,0,0,1,1,True
5490,14,0,1,1,True
1907,2,0,0,0,True
-4193,-2,1,0,0,False
-2167,-3,1,1,1,False
1349,1,0,0,0,True
3237,8,0,1,1,True
-959,-4,1,0,1,True
-1165,-1,0,0,0,False
896,2,0,1,1,True
1457,6,1,1,1,True
2098,4,0,1,1,True
-616,-2,0,1,0,False
4202,4,0,0,1,True
-173,-1,1,0,0,False
-834,-4,0,1,1,True
-815,1,1,0,0,True
-2860,-5,1,0,0,False
158,3,0,1,1,True
-3049,-3,1,1,0,True
-1925,-4,1,1,0,False
-292,0,0,1,0,True
-2281,-4,1,1,0,False
-232,-3,1,0,1,True
1381,4,0,1,1,True
595,3,1,0,0,False
1,0,1,1,0,False
157,1,0,1,1,True
-952,0,1,0,0,True
2295,4,0,1,0,True
2932,4,1,1,1,True
5838,11,0,1,1,True
-2716,-4,1,0,0,False
2272,6,0,1,1,True
4217,9,0,1,1,True
-3848,-7,1,0,0,False
1593,2,0,1,0,True
-546,-1,1,0,0,False
1264,4,0,0,1,True
-1013,-1,1,0,0,True
1408,0,0,0,0,True
689,1,0,1,0,False
954,2,0,1,0,True
629,3,1,0,1,False
546,1,0,1,0,True
-268,1,0,1,1,False
3543,6,0,1,1,True
222,0,0,1,1,True
14,-2,0,0,1,True
582,1,0,1,0,False
-1362,-5,1,0,0,False
-793,-3,1,0,0,True
1979,5,0,1,1,True
592,-3,0,1,1,True
-609,-1,1,1,0,False
1510,2,0,1,0,True
-819,-2,1,1,1,False
74,-2,0,0,0,False
1230,3,0,0,1,False
-648,1,1,1,0,False
1065,2,0,1,0,True
2284,3,0,0,0,True
-5,-1,0,1,1,True
2018,2,0,1,1,True
-1609,-2,1,0,0,False
466,3,1,1,1,True
-424,3,1,0,0,True
3408,5,0,1,1,True
-2966,-3,1,0,0,False
555,-1,0,0,1,False
-1205,-3,0,1,0,True
3140,4,1,0,1,True
4189,8,0,1,0,True
2163,6,0,0,1,True
2033,2,0,1,1,True
1460,2,1,1,1,False
504,2,1,1,0,True
-3549,-8,1,0,0,False
453,0,1,0,0,False
2928,9,0,0,1,True
1778,3,1,0,1,True
3397,6,0,0,1,True
2384,2,0,1,0,True
-2662,-7,1,0,0,True
2904,3,0,1,1,True
-1039,-3,0,1,0,True
264,-2,0,1,0,True
-70,-3,1,1,1,True
-1187,-5,0,0,1,True
1304,1,1,1,0,True
-1300,-2,0,1,1,True
-2042,-6,1,0,0,False
-289,0,0,1,1,False
127,1,0,1,1,True
303,-2,0,0,0,True
1074,0,1,1,1,True
926,1,1,0,0,True
-1084,-3,1,1,0,False
-382,0,1,0,0,True
2794,8,0,1,1,True
-1327,-4,1,0,1,True
-3075,-6,1,0,0,False
-1206,-5,1,0,0,False
1185,2,1,1,0,True
574,4,1,1,0,True
1949,4,0,0,1,False
877,0,1,0,1,False
1025,-2,0,1,0,True
-746,0,1,0,0,False
26,1,1,1,0,True
2917,10,0,1,1,True
1285,2,0,0,1,True
-3848,-7,1,0,0,False
-3277,-5,1,0,0,False
-235,2,1,1,0,False
-48,5,1,1,1,False
-653,-1,0,1,0,True
-388,-2,1,1,0,False
1991,6,0,0,1,True
-1448,-2,1,0,0,True
-1047,-3,1,0,0,False
-4292,-8,1,0,0,True
3937,3,0,1,1,True
-2361,-4,1,1,0,True
3862,10,1,0,1,True
2447,4,0,1,1,True
3657,7,0,0,0,True
1103,2,1,0,1,False
-333,0,1,0,1,False
-214,-1,1,1,0,False
3413,8,0,1,0,True
3773,5,0,1,1,True
-2073,-4,1,0,0,False
552,0,1,0,0,False
1691,5,1,1,0,False
1202,2,1,1,0,True
-1198,-3,0,0,0,False
1382,2,0,0,0,False
-1712,-5,1,1,0,False
110,0,0,1,0,True
316,3,1,0,0,False
3117,7,0,1,0,False
-1614,-3,1,1,1,False
48,4,1,1,1,True
-1570,-3,1,1,0,False
1572,4,0,1,0,False
2138,4,1,0,0,True
-752,-1,1,0,1,False
1492,0,0,0,1,True
-353,-1,1,0,0,False
-1365,-1,1,0,0,False
2228,5,0,1,1,True
16,1,0,0,1,True
-2845,-4,1,0,0,True
-1349,-3,1,1,0,True
1876,4,0,0,1,True
481,2,0,1,0,True
115,-3,1,0,1,True
1634,4,0,1,1,True
-405,-3,0,1,0,True
-52,-1,0,0,1,True
-4544,-9,1,0,0,False
-281,3,1,1,1,True
-437,-2,1,1,0,True
-3325,-2,1,0,0,False
3928,5,0,1,1,True
-2337,-5,1,0,1,False
179,0,0,0,0,True
-173,-2,1,0,0,True
50,0,1,1,0,False
-1286,-1,1,0,1,False
443,3,1,1,1,True
473,1,1,0,0,True
225,1,1,1,0,True
-1961,-5,1,0,0,False
4440,9,0,1,1,True
2640,5,0,1,1,True
2457,4,0,1,1,True
3807,9,0,1,1,True
-1147,-2,1,1,0,False
461,1,1,1,1,True
5069,11,0,1,0,True
-217,-1,0,0,1,True
-3240,-9,1,0,0,True
2123,9,0,1,1,True
-439,-5,0,0,1,False
1004,3,0,1,0,False
1088,2,0,1,1,True
346,5,1,0,0,True
1355,1,1,1,0,True
3064,10,1,1,0,True
-789,-2,1,0,1,True
146,0,0,0,1,True
-613,0,1,0,1,True
-173,1,0,0,1,True
224,3,1,1,1,False
895,1,0,1,0,False
1554,2,0,1,1,False
-1242,2,1,1,1,True
5546,10,0,1,1,True
2491,4,1,1,0,True
1794,4,0,0,0,True
-1115,-3,1,0,0,True
133,-1,0,1,1,True
713,2,0,1,0,True
2450,5,1,0,0,True
-4356,-11,1,0,0,False
879,3,0,0,1,False
-1960,-5,1,1,0,False
4363,9,0,1,1,True
-424,1,1,0,0,False
3522,5,0,1,0,True
51,1,0,1,0,True
1677,1,0,1,1,True
471,0,0,1,1,True
-704,-2,0,0,0,True
994,0,1,0,0,True
1345,4,0,1,0,True
1006,1,0,1,0,True
-392,-3,1,0,0,False
-1591,-1,1,1,0,False
-759,-1,1,0,0,False
-1920,-2,1,1,0,False
258,3,0,1,1,True
46,2,0,0,0,True
534,-1,1,1,1,True
1640,3,0,1,0,True
-2987,-2,1,0,0,True
2965,7,0,0,0,True
-510,0,1,0,0,False
-1021,-3,1,0,0,False
-1015,-1,0,1,1,False
1855,6,1,1,0,True
-1764,-5,1,0,0,False
1545,3,0,0,1,True
3458,6,0,1,0,False
8,2,1,1,0,True
2785,4,0,0,1,True
-2547,-4,1,0,1,False
-2399,-3,1,0,0,False
726,2,0,1,0,False
-1319,0,1,1,0,False
-3027,-5,1,1,0,False
1722,6,1,1,1,True
741,-2,0,0,1,True
-4805,-7,1,0,0,False
1686,3,0,0,0,False
1110,7,1,0,0,False
-808,-1,0,0,0,True
-1412,0,1,1,0,False
-382,-1,1,1,1,False
531,-1,0,1,1,False
1646,1,0,1,1,True
112,1,1,1,1,True
1345,-1,0,1,1,True
2121,5,0,1,1,True
-551,-4,0,0,0,True
1622,3,0,0,1,True
2129,5,0,0,0,True
-3585,-6,1,0,0,False
845,0,0,1,0,True
-6516,-9,1,0,0,False
62,2,1,0,1,True
-2819,-5,1,0,0,False
263,2,0,0,1,True
-485,1,1,1,0,True
962,2,1,1,0,True
-306,-1,0,1,1,False
2581,4,0,0,0,True
5049,10,0,1,0,True
1725,3,0,0,0,True
-2830,-5,1,1,0,False
400,1,0,1,1,True
-753,-3,0,1,1,False
1495,2,0,1,1,True
1531,6,0,1,0,True
1251,3,0,0,1,True
-1555,-1,1,1,1,False
-239,3,0,1,0,True
-2424,-3,0,1,0,False
-3540,-9,1,0,0,False
1717,5,0,1,1,True
76,2,1,1,0,False
2419,5,1,1,1,True
-2328,-3,1,0,0,False
781,2,0,1,1,True
1662,4,0,1,0,True
-3007,-3,1,1,1,True
-1672,-3,1,0,0,False
248,-2,0,1,1,True
-194,0,1,0,0,False
4301,8,0,1,1,False
3156,5,0,1,1,True
-217,1,0,0,1,True
1757,3,0,1,1,True
-401,-1,1,0,1,True
2195,3,0,0,1,False
510,0,0,0,0,True
313,0,0,0,0,True
-191,-1,1,1,0,False
2477,7,0,0,1,True
-1345,-3,0,1,1,True
2156,5,0,1,1,True
1715,5,1,0,1,True
-63,3,1,1,1,True
871,0,1,1,0,True
-759,-2,0,1,0,True
-830,-1,1,0,0,True
2516,7,1,1,0,True
-1096,-1,0,0,0,True
2290,4,1,1,0,True
962,-1,0,1,1,True
827,0,0,0,1,True
845,-1,0,1,0,True
3673,7,0,1,1,True
-323,0,0,1,1,True
263,0,0,1,1,True
6280,11,0,1,0,True
-3246,-4,1,0,0,False
-2069,-4,0,1,1,True
980,1,0,1,1,True
378,0,1,0,0,False
-229,1,1,1,1,True
-1473,-3,0,1,0,True
550,5,1,1,1,True
-2058,-3,1,0,0,False
-2659,-3,1,0,1,False
2161,4,0,0,1,True
3870,6,1,1,1,True
-138,-2,0,0,1,False
2881,6,1,0,1,True
2655,5,0,1,0,True
17,1,1,0,1,False
1644,5,0,1,1,True
1523,4,0,1,1,True
-1302,-2,1,0,1,False
2167,8,0,0,1,True
-1242,-2,1,0,1,True
-3082,-5,1,0,0,False
-94,1,1,1,1,True
3116,8,0,0,1,True
4253,10,0,1,1,True
-1097,-1,1,1,0,True
1814,2,0,0,1,True
-11,-2,0,1,0,True
-482,-1,0,1,1,True
1554,5,0,1,1,False
2969,7,0,0,1,True
1145,3,0,1,1,False
-2046,-5,1,0,0,False
3050,4,0,1,1,False
2736,5,0,0,1,True
318,-3,0,0,0,False
1631,3,1,1,0,False
80,-3,0,1,1,True
-683,-1,1,1,1,True
-1705,-1,1,1,0,False
-3293,-6,1,0,0,False
-832,-1,0,0,0,False
1837,2,0,1,1,True
1520,3,1,1,1,True
2264,3,0,1,1,True
2785,4,0,1,1,False
-4739,-6,1,0,0,False
-741,-2,1,0,0,True
-221,-3,1,1,0,True
678,-2,0,1,1,True
5860,10,0,0,1,True
1127,3,1,0,0,False
-4426,-9,1,0,0,False
1665,1,0,0,1,False
110,5,1,1,0,False
674,0,1,0,0,False
-1303,-5,0,0,1,True
-962,-1,0,0,1,True
-984,-4,1,1,1,True
-3547,-8,1,0,0,False
-82,-1,1,0,0,True
3754,7,0,1,1,True
940,4,1,1,1,True
4193,12,0,0,0,True
1142,4,1,1,0,True
837,0,0,1,0,False
982,2,1,1,0,True
277,0,0,0,1,True
1322,6,0,1,0,True
2727,5,0,1,1,True
3237,7,0,0,1,True
-2162,-3,1,0,0,False
-3838,-8,1,0,0,True
-1701,-7,1,0,0,False
2558,5,0,1,1,False
1083,3,0,1,1,True
472,2,1,1,1,False
-4106,-9,1,0,0,False
1033,4,0,1,0,True
2023,4,0,1,1,True
-2461,-7,1,1,1,True
1769,3,0,0,1,True
-1694,-5,1,1,0,False
-2091,-3,0,1,0,True
1119,2,0,0,1,False
-1905,-7,1,1,0,False
-281,0,0,0,0,True
40,-1,1,0,0,True
-1168,1,1,0,0,False
2149,5,0,1,1,True
3736,4,0,0,0,True
645,2,0,1,1,True
2040,5,0,1,1,True
520,2,0,1,1,False
-4341,-7,1,0,0,False
-1397,-3,1,0,0,True
-396,-1,1,1,0,True
-1237,-2,1,1,0,False
-3394,-6,0,1,1,False
-84,-1,0,1,1,True
4432,9,0,1,0,True
-2812,-5,1,0,0,False
1118,0,0,1,1,True
-142,-4,1,1,0,False
-525,-1,1,1,1,False
-2277,-3,1,1,0,True
2543,5,0,1,0,True
2546,8,1,0,0,False
-1951,-2,1,0,0,True
1934,3,1,0,0,True
1174,1,0,1,1,True
2486,5,0,1,0,True
3765,7,0,1,1,True
672,-1,1,0,0,False
-65,1,1,1,1,True
2288,4,0,0,0,False
4196,9,0,1,0,True
1220,2,0,1,1,False
-812,-2,0,0,0,True
-417,-1,1,0,1,False
-2479,-6,1,0,0,True
1443,0,1,0,0,True
-1859,-1,1,0,1,False
-933,-5,0,1,0,False
-109,-2,0,0,1,True
1572,3,0,1,1,False
2258,5,0,1,0,True
446,2,0,1,1,True
-2669,-2,0,0,1,True
-221,-3,0,0,0,True
-1667,-3,0,0,0,False
2434,1,0,1,0,True
-4219,-7,1,0,0,False
427,1,0,1,0,True
44,2,1,1,0,True
-1763,-4,1,0,0,False
-1231,-3,1,1,0,False
-2577,-4,1,1,0,True
1931,5,0,1,0,False
1800,5,0,1,1,True
6225,12,0,1,0,True
1309,3,0,1,1,True
-3202,-3,1,0,0,False
1823,3,0,1,1,True
-2359,-4,1,1,0,False
-1483,-2,1,0,0,False
2552,3,0,1,1,True
-1146,-2,1,0,0,False
1379,1,0,1,0,False
2020,4,1,0,1,False
2841,1,0,1,0,True
-221,0,1,1,1,False
97,1,0,1,1,True
1415,2,0,1,1,True
754,0,0,1,1,True
74,0,0,1,1,True
-4323,-11,1,0,0,False
1388,3,0,1,1,False
1414,0,0,0,0,True
-48,0,1,0,0,True
-1049,-4,1,0,0,True
-3801,-8,1,0,0,True
-3411,-6,1,1,0,False
1661,5,0,1,0,True
1851,2,0,0,1,True
2625,4,0,1,1,True
2938,7,0,1,0,False
321,2,1,0,1,True
-2268,-4,1,0,1,True
-1898,-3,1,0,1,True
648,2,0,0,1,False
764,2,1,1,0,True
-4783,-10,1,0,0,False
1517,2,0,1,0,True
-749,-3,1,1,0,False
2130,4,1,0,0,False
1214,3,0,0,0,True
-1643,-5,1,0,0,True
836,2,1,0,0,False
3633,8,0,1,1,True
-3964,-9,1,0,0,False
-396,-1,1,0,1,False
1393,1,0,0,0,False
1228,7,1,1,1,True
-87,2,1,1,0,True
2139,3,0,1,0,True
3697,7,0,1,1,False
-3792,-4,1,1,0,False
-2487,-2,1,0,0,False
2412,3,0,0,0,True
-164,-2,0,1,1,False
1251,2,0,0,1,True
-2987,-6,0,1,1,True
-1044,-4,1,0,1,False
-553,0,1,0,0,False
1310,-1,1,1,0,True
1906,1,0,0,1,False
2325,4,0,0,1,True
-108,-1,0,1,1,True
1580,5,0,1,1,False
32,0,1,1,1,False
-355,-2,1,0,0,False
460,0,0,1,0,True
-743,-3,0,1,1,True
593,1,1,0,1,True
2301,2,0,1,0,False
3157,5,0,1,0,True
-1619,0,1,0,0,False
1741,2,0,1,0,False
5197,12,0,1,0,True
-2971,-6,1,0,1,False
-3115,-6,1,0,0,False
-1896,-2,1,1,0,False
3833,7,0,1,1,True
105,2,1,1,1,True
-5171,-15,1,1,0,False
-1634,1,0,1,1,False
2860,8,0,1,1,True
455,3,0,1,1,True
1532,6,1,1,1,True
-991,-4,0,1,1,True
73,-1,1,0,1,False
1788,5,1,1,0,True
3311,5,0,0,1,True
925,3,0,0,1,False
265,-2,0,1,0,False
672,3,1,0,1,False
-933,-1,1,0,1,True
1576,0,0,1,1,True
1566,4,0,1,1,True
980,1,0,1,0,False
-1361,-2,1,1,1,True
-1651,-3,0,0,1,True
-383,0,1,1,0,True
1535,4,0,1,0,True
3510,8,0,1,1,True
-2240,-6,0,0,1,True
-2131,-2,0,1,1,True
477,-2,0,0,0,False
453,1,1,0,1,True
1587,5,0,0,1,False
-3443,-9,1,1,0,False
-287,-4,1,1,0,False
2721,4,0,1,1,True
-3062,-3,1,1,0,False
-1015,-2,1,1,0,False
-2198,-4,1,1,0,False
-2340,-4,1,0,0,True
671,2,1,1,0,False
281,1,1,1,0,False
877,2,1,0,0,False
-2236,-2,1,0,0,False
2884,6,0,1,1,True
-389,-2,0,0,1,True
594,2,0,0,1,False
3231,5,0,0,1,True
-389,-3,0,1,0,True
97,-2,0,0,0,True
-2443,-3,0,0,0,False
-85,1,1,1,0,True
1121,0,0,0,1,False
1857,3,0,0,0,True
-4762,-2,1,0,0,False
845,2,0,1,1,True
-1415,-3,0,0,1,False
1390,3,1,1,1,True
1355,0,0,1,1,False
1067,0,0,1,1,True
1462,-1,0,1,1,True
-2552,-3,0,1,0,False
-1379,-3,1,0,0,False
613,1,0,1,1,True
1513,2,0,1,1,True
-332,-3,0,0,1,False
-2331,-4,0,0,0,True
4954,10,0,1,1,False
2103,4,0,0,0,False
-296,1,1,0,1,True
2765,6,0,0,1,True
-2345,-4,1,0,0,False
-860,-1,1,1,0,False
705,3,1,0,0,False
-481,0,1,1,0,False
2720,4,0,0,1,True
-1907,-6,1,1,0,False
2703,5,0,1,1,True
-4528,-12,1,0,0,False
1971,3,0,0,0,True
-1707,-4,0,1,0,False
558,1,0,1,1,True
4767,10,0,0,0,False
3735,6,0,1,1,True
-1325,0,1,1,1,True
-290,1,1,0,0,False
3562,7,0,0,1,True
593,2,0,0,1,False
3457,8,0,1,0,True
-2564,-6,1,0,0,False
3186,8,0,1,0,True
-2567,-4,1,1,0,False
-730,-2,1,0,1,True
700,1,0,0,0,False
467,2,1,1,0,False
1434,1,0,1,1,True
1615,1,0,1,0,True
3219,6,0,1,1,True
570,3,1,0,1,False
-1030,-4,1,0,0,False
1983,1,0,1,1,True
3004,7,0,1,1,True
1974,4,0,1,1,False
-532,0,0,1,1,True
644,2,0,0,1,False
-5196,-12,1,0,0,False
408,1,1,0,0,True
4033,6,0,1,0,True
-1117,-4,1,0,0,False
54,-1,0,1,1,True
1897,4,1,1,1,False
3249,6,0,0,1,True
-1080,-2,0,1,0,True
-1493,0,1,0,0,False
-78,2,0,1,0,True
-805,0,1,0,0,False
459,2,1,1,0,True
-1282,0,0,0,0,False
3047,5,0,1,1,True
-1664,-2,1,0,0,False
1414,5,0,1,0,True
72,2,1,0,1,True
-363,-1,1,1,0,True
84,1,0,1,1,False
-2333,-4,1,0,1,False
-805,-1,1,1,1,True
3527,7,0,0,0,True
1708,2,0,0,1,True
2129,3,1,1,1,True
-1590,-3,1,1,0,False
-510,1,1,0,0,True
-905,0,0,1,1,True
904,4,0,0,1,True
1155,1,1,1,1,True
-1510,0,1,1,1,False
-958,-1,1,1,0,True
-846,-1,0,1,0,False
222,1,0,1,1,True
993,1,0,1,0,True
1144,3,0,1,0,True
3041,3,0,1,0,True
891,3,0,1,1,True
2167,3,0,1,0,True
985,3,0,1,1,True
747,-1,1,1,1,True
-850,-3,1,0,0,False
2740,4,0,1,0,True
-2732,-6,1,0,0,False
2227,8,0,0,0,True
2686,7,0,1,1,True
2212,3,0,1,1,False
207,3,1,1,0,True
-523,-4,0,1,1,True
440,0,0,0,0,False
-5170,-11,1,0,0,False
-1263,-5,0,0,0,False
73,-1,0,1,0,True
1066,2,0,0,1,False
-5407,-8,1,1,0,True
1426,-1,0,0,1,True
-62,-2,1,1,1,False
-4533,-6,1,0,0,False
-348,1,0,1,0,True
-449,-2,1,1,1,True
1103,-1,0,1,0,True
1720,7,0,1,0,True
-1438,-3,1,0,0,True
-1644,0,0,0,1,True
-665,-2,1,0,1,True
362,2,1,0,1,True
-1565,-3,1,0,0,True
-125,0,1,0,1,True
24,-2,0,0,1,True
-1015,-4,0,0,1,True
-676,-1,1,1,1,False
-333,-1,1,0,0,False
778,2,1,1,0,True
-1187,-3,0,0,1,True
-1307,-1,1,0,0,False
652,4,1,1,0,False
-1192,-4,0,0,0,False
-1316,-1,0,0,0,True
1404,4,0,0,1,True
525,1,0,0,0,False
-3262,-6,1,0,0,True
-805,0,1,0,0,True
1546,3,0,0,1,True
3508,8,0,1,1,True
-3348,-7,1,0,0,False
-903,-3,0,1,0,False
1175,5,1,0,0,False
1977,2,0,1,1,True
1001,2,0,1,1,True
965,-1,0,0,0,False
250,-3,0,0,1,True
-1901,-4,1,0,0,False
-3628,-5,1,0,1,False
-1136,-1,0,1,1,True
-3172,-4,1,0,0,False
410,3,1,1,0,True
-2494,-5,1,0,0,False
-2150,-3,1,1,0,False
-2706,-7,1,0,0,False
1654,2,0,0,0,True
311,0,0,0,1,True
3258,5,0,1,1,True
-845,-3,1,1,1,False
1677,4,0,0,1,True
302,0,1,1,1,False
1391,5,1,0,0,True
-1392,-2,1,0,0,True
-739,0,1,1,1,True
-2170,-6,1,1,1,True
-41,2,0,1,1,True
-2465,-4,1,0,0,False
-681,-2,0,0,0,False
-816,3,1,0,0,False
-1660,-6,1,0,0,True
614,0,0,1,1,True
3804,8,0,1,1,True
1674,2,0,1,0,False
290,-5,1,0,0,False
-1809,-3,1,0,0,False
3992,10,0,0,1,True
-1435,-4,1,1,0,True
-104,0,1,1,1,False
1448,8,1,1,0,True
-346,0,0,1,0,False
-2090,-3,0,0,1,True
-1048,-1,1,0,0,False
3319,7,0,1,0,True
-1744,-2,1,0,0,False
-1297,-1,0,0,0,True
3157,7,0,1,1,True
1106,0,0,1,0,True
501,2,1,1,0,False
1978,3,0,0,1,True
-3077,-9,1,0,0,False
-2008,-5,0,1,0,True
-212,-2,0,1,0,True
-963,-3,1,1,1,True
-2327,-5,1,0,0,False
-1357,-2,1,0,0,False
-512,0,1,1,0,False
516,-1,1,1,0,False
-1981,-5,1,1,0,False
1481,4,1,0,0,False
2734,6,0,1,1,True
3334,8,0,1,1,True
892,2,1,1,1,True
1967,2,1,0,0,False
4531,8,0,0,0,True
-1617,-3,1,0,0,False
1264,4,0,1,1,False
-4226,-7,1,1,0,False
836,2,0,0,1,True
-1265,-3,1,1,1,True
1812,6,0,1,1,True
-1499,-4,0,0,1,True
-2274,-6,1,0,0,True
-1218,-4,1,0,0,True
-5102,-5,1,0,1,False
797,3,0,1,1,False
2463,2,0,1,0,True
-482,0,0,0,1,False
2848,5,1,1,0,True
4796,9,0,0,1,True
-274,-4,0,1,1,True
2876,5,0,1,1,True
-1820,0,1,0,0,False
-1385,-3,1,0,0,False
-2680,-4,1,0,0,False
-192,0,0,1,0,False
48,-3,0,0,0,True
-3645,-7,1,0,0,False
1036,0,0,0,1,True
4023,12,0,1,1,True
3224,6,0,1,0,True
708,1,1,1,0,True
5534,10,0,1,0,True
-1743,-7,1,0,0,False
460,0,0,1,1,True
4935,10,0,1,0,True
-2883,-3,1,1,0,False
447,0,1,0,1,True
1709,4,0,1,0,True
2425,7,1,1,0,True
2117,5,0,0,1,False
-3204,-7,1,0,1,False
-1975,-3,0,0,0,False
1340,3,0,0,1,True
-4081,-9,1,1,0,False
-286,-1,0,1,1,True
672,2,0,0,1,True
-3050,-5,1,0,0,False
3274,6,1,0,0,False
2208,6,0,1,0,True
-2687,-7,1,1,1,True
-11,-1,1,0,0,False
-3148,-7,0,0,1,False
601,1,1,1,1,False
-212,-2,0,1,0,True
3182,8,0,1,1,True
5916,11,0,1,1,True
-525,1,1,1,0,True
2878,6,0,1,1,True
1398,1,0,0,1,True
2626,4,0,0,1,True
